id;nombre_planta;nombre_comun;nombre_cientifico;reino;lugar_adaptacion;lugar_proviene;uso;como_ingerir;dosis;tipo;clase;orden;familia;genero;especie;imagen_planta
59;Parietaria;Parietaria,albahaca de culebra, cañarroya, caracolera, hierba del muro;Parietaria officinalis L;Plantae;Es una planta muy común que crece en paredes de edificios abandonados, viejos muros y ruinas.;Europa central y meridional, Asia occidental y norte de África.;Para eliminar líquidos, Arenilla en el riñón Una receta natural para eliminar la arenilla en el riñón, también para las afecciones de pecho La parietaria también posee grandes propiedades beneficiosas contra las afecciones de pecho, siendo de gran eficacia para tratar casos de asma y bronquitis.;Elimina líquidos: el tallo y las hojas preparados en cocción permiten depurar el organismo mediante la eliminación de los desechos y fortalecer el funcionamiento del riñón, por lo que resulta una planta medicinal óptima para utilizarse en tratamientos para la diabetes o la obesidad. Arenilla en el riñón: la cocción de 50 g de tallo y hojas de parietaria en un litro de agua. Afecciones de pecho: se deberá consumir las hojas secas en polvo.;Arenilla en el riñón: Tomar por 21 días, dejar de beberla por 3 días, y reanudar por 15 días más. Afecciones de pecho: cantidad de 3 medias cucharaditas al día.;Magnoliophyta.;Magnoliopsida.;Urticales;Urticaceae;Parietaria L.;Parietaria officinalis;plantas/parietaria.jpg
36;Ajo;Ajo, ajete, ajo común y hortense que se come, ajo doméstico.;Allium sativum.;Plantae;Fue introducida en el Mediterráneo y luego a otras zonas del mundo.;Originaria de Asia occidental y media.;Afecciones del hígado.;Solo tiene que comerse un diente de ajo;Comer un diente de ajo cada día hasta que se sienta bien.;Magnoliophyta;Liliopsida.;Liliales.;Liliceae.;Allium;Allium sativum;plantas/ajo.jpg
4;Moradilla;Moradilla, modarillo, molle, Molle pispito.;Alternanthera porrigens.;Plantae;Es endémico de Argentina, Brasil, Chile, Paraguay, Bolivia, Perú y Uruguay.;Argentina, Bolivia, Paraguay.;Dolores de estómago, como muchos otros hermanos suyos, el Moradillo se emplea en construcciones rústicas, como corrales y cercos, y como combustible. Repito, también se usa la infusión de su follaje para curtir. Se dice que los baqueanos de las sierras emplean el follaje mascado para calmar el dolor de muelas;Haciendo hervir las hojas por 5 a 6 min.;2 días seguidos;Magnoliophyta;Magnoliopsida;Caryophyllales;Amaranthaceae;Schinus;S. polygama;plantas/moradillo.jpg
103;Verdolaga;Verdolaga, flor de seda, borzolaga, engañagochos, lengua de gato.;Portulaca oleracea.;Plantae;Se ha naturalizado en todo el mundo.;Es originaria de India, Oriente Medio y el sur de Europa.;Se usa como un remedio para el estreñimiento y la inflamación del sistema urinario.;Se  realiza una infusión.;Las dosis tradicionales populares oscilan entre 125 y 400 gramos en el caso de polvo de verdolaga y 1 a 20 ml en el caso de que se utilice jugo del vegetal.;Magnoliophyta.;Magnoliopsida.;Caryophyllales;Portulacacea;Portulaca;Portulaca oleracea;plantas/verdolaga.jpg
50;Altamisa;Altamisa, hierba de San Juan, madra, madre yerba, artemisa, altamiso,;Ambrosia persiana;Plantae;Crece muy bien en suelos nitrogenados, en especial enmalezados y no cultivados.;Es nativa de áreas templadas de Europa, Asia, norte de África, está en Norteamérica.;La altamisa ha sido usada, comúnmente, para reducir la fiebre, dolores de cabeza, migraña y artritis, tiene, asimismo, propiedades astringentes y actúa como emoliente y suavizante natural. Los cataplasmas y cremas preparadas con ella suavizan y humectan la piel, al igual que calman y cicatrizan irritaciones menores. El baño externo con el cocimiento de sus hojas se usa como antiséptico, antiinflamatorio y cicatrizante. También combate la dermatitis. para el espanto y susto.;Recolectar una porción de altamisa, de chil-chil, de ruda y de guando de flor blanca y guando de flor amarilla y roja, atarlos individualmente por separado, luego irlos sacudiendo por el cuerpo de la persona con alcohol alcanforado. La oración que se recita en este ritual es conocido únicamente por el “curandero” que lo realiza.;Luego de la realización de este ritual se debe botar estas plantas ya utilizadas en calles transversales en forma de cruz para la desaparición de este mal.;Magnoliophyta;Magnoliopsida;Asterales;Asteraceae;Artemisia;A. vulgaris;plantas/altamisa.jpg
84;Lengua de Tigre;Lengua de Tigre, espada de San Jorge, planta de la serpiente.;Sanseviera trifasciata;Plantae;Haciéndola resistente a los climas calurosos con poca necesidad de agua durante su plazo de vida.;Es originaria del África tropical  (específicamente Kenia y Angola).;Esta es una planta que usan varias tribus, considerándola medicinal. El jugo de las hojas, sirve para curar enfermedades del hígado y el bazo. También, ayuda en la prevención de enfermedades como el cáncer y tratar.;Se puede hacer un té con 20 g de las hojas que se ceban con agua caliente y se toman.;Dos tazas por día.;Magnoliophyta.;asparagales;Asparagales.;liliáceas;Sansevieria;laurus nobilis;plantas/lengua_de_tigre.jpg
58;Comino;Comino, alcamonia, comino concrto, comino gordo,comino real.;Cuminum cyminum.;Plantae;Difundida también por América.;Originaria de la cuenca del Mediterráneo.;Antibacterial: Este fruto ayuda a combatir problemas bacterianos buco dentales, morder los frutos nos puede ayudar a eliminar placas dentales, importante problemas de gingivitis, caries y mejora la higiene dental. Terapéutico: Sus minerales ricos en hierro, da fuerza al sistema inmune, lo cual aumenta las defensas y ayuda a combatir enfermedades como la anemia ferropénica. Es un sedante natural que ayuda a disminuir el insomnio. Adelgazante natural: Utilizado en la comidas para mejorar la digestión. Es recomendado para personas que están en dietas y procesos para bajar de peso. Esto se debe a que ayuda a una digestión correcta. Efecto analgésico y digestivo: Esto disminuye las flatulencias y baja la inflamación abdominal. Ayuda a limpiar el colon, lo cual contiene un efecto de protección contra el cáncer de colon. Aromáticas: Por su peculiar olor, es utilizado como un aromatizante natural. Ayuda a mejorar las secreciones gástricas, se utiliza como un aperitivo. Además de dar fuerzas y energía.;Aromáticas:  En una taza con agua hirviendo, agrega aproximadamente 2 gramos de semillas de comino.;Aromáticas:  Deja reposar y bebe una taza tras las comidas.;Magnoliophyta.;Magnoliopsida.;Apiales.;Apiaceae;Cuminum;Cuminum cyminum L.;plantas/oregano_B0SDjI9.jpg
62;Infante Blanco;Infante Blanco, amor seco, pegarropa, manayupa, runayupa.;Desmodium adscendens.;Plantae;Crece en todas las regiones del mundo.;Originaria de Indias occidentales y América tropical.;Recomendada si tienes problemas uterinos, depurador de sangre ayuda a eliminar la sangre muerta de la matriz de las mujeres. También se le asocian propiedades beneficiosas en casos de Hepatitis Tóxica y Vírica y dolores de cabeza de origen hepático.;Infusión.;Se recomienda usar 3 cucharadas la planta seca (20 gr aprox.) para 1 litro de agua, hervir por 5 minutos, dejar enfriar y beber, con fines terapéuticos para mujeres con problemas uterinos se recomienda tomar caliente o tibio no frio. Se puede tomar 2-3 vasos durante el día esto por 2 semanas.;Tracheophyta;Magnoliopsida;Fabales.;Fabaceae;Desmodium;Desmodium adscendens;plantas/infante_blanco.jpg
56;Sauce Blanco;Sauce Blanco, salguero, sauce blanco salado.;Sambucus racemosa.;Plantae;En lugares húmedos y no soporta las temperaturas extremas.;Se halla en zonas templadas, como el centro y sur de Europa, el norte de África y el oeste asiático.;El sauce blanco  puede calmar los dolores y aliviar la fiebre. Los nativos indios americanos ya la usaban antiguamente para los dolores de cabeza, fiebres, dolores musculares, y reumatismos.;Prepararla en agua y tomarla con miel al gusto.;Consumir de 4 a 5 tazas diarias.;Magnoliophyta.;Magnoliopsida.;Dipsacales.;Caprifoliaceae.;Salix.;S. alba.;plantas/sauce_blanco.jpg
64;Malva Blanca;Malva Blanca, bala, hierba del ángel, hierba del cáncer.;Sida cardifolia;Plantae;Crece también en las Antillas Mayores y Menores, la Florida, la América Centra y del Sur.;Es originaria de América, África y sur de Asia.;Se utiliza en la medicina popular por sus propiedades de limpieza de colon y como suplemento para perder peso.;Infusión.;Hacer hervir por 3 minutos el agua con 5 flores de malva, dejar enfriar y tomar el agua.;Magnoliophyta.;Magnoliopsida;Malvales.;Malvaceae.;Malva;Malva canariensis;plantas/malva_blanca.jpg
104;Chamico;Chamico, antemonia, antimonio, astramonio, azotacristos.;Datura;Plantae;Las Daturas crecen en todo el mundo y sobre todo en los climas calurosos y tropicales.;Su origen se restringe a América.;"El exudado se usa para el dolor de oído, se saca látex de la planta, se humedece con éste un algodón y se coloca en el oído. El fruto tiene propiedades analgésicas. Para las várices se aplican con barro en la zona afectada. La planta completa sirve contra inflamaciones. La raíz es analgésica. Las semillas se emplean contra los dolores del parto o para favorecer el trance; dolor reumático; maceradas en alcohol se frotan en las hemorroides, masticadas producen embriaguez; esto produce falta de apetito.";Oral y tópica.;Hervir por separado cada parte de la planta, según el caso a tratar.;Datura;Dicotiledóneas;Solanales;Solanaceae;Toloaches;Datura ferox;plantas/chamico.jpg
63;Hinojo;Hinojo;Foeniculum vulgare;Plantae;Se encuentra distribuida por las zonas templadas de todo el mundo.;De la zona meridional de Europa, en especial la costa del mar Mediterráneo.;Es muy versátil ya que los tallos y las hojas picados se utilizan como hierba aromática, las semillas como especia y el bulbo como hortaliza, aportando en cada caso un característico sabor y aroma anisados e intensos.;Infusión: Hierve el agua., cuando el agua entre en ebullición coloca el hinojo, considera como medida, una taza de agua por cucharadita de planta, deja que se cocine durante 5 minutos, permite que repose por 3 minutos, cuela (cierna) y sirve en una taza, puedes beberlo caliente o tibio.;Se puede beber una taza en la noche.;Magnoliophyta;Dicotiledóneas;Apiales.;Umbelíferas;Foeniculum;Foeniculum azoricum;plantas/hinojo.jpg
67;Sauco Negro;Saúco negro o saúco común, o, simplemente, saúco.;Sambucus nigra;Plantae;Crece en una variedad de condiciones ambientales, tanto en suelo húmedo como en seco.;Nativo de Europa, noroeste de África y sudoeste de Asia.;Es una planta medicinal con una serie de propiedades que la hacen muy recomendada para personas con problemas de retención de líquidos o infecciones de orina, además de ser considerada también una planta ornamental. Extractos de corteza de tallos, hojas, flores, frutos, raíces, se usan para tratar bronquitis, tos, infecciones de vías respiratorias superiores, fiebre. Se emplean para elaborar aguardientes e incluso vinos.;"Se puede tomar en infusión, tintura, jarabe, zumo de sus bayas, vino de sáuco, pastillas y gotas. 
Para la fatiga visual y alteraciones oculares, se aplica con ayuda de compresas en infusión sobre los ojos cerrados.";En polvo: 3-5 gramos cada 8 horas. Infusión: 3-4 g por cada 150 mL cada 8 horas.;Magnoliophyta.;Magnoliopsida;Dipsacales.;Adoxaceae;Sambucus;S. nigra;plantas/sauco_negro.jpg
61;Madreselva;Madreselva, Madreselva perfoliada, Madreselva de los jardines.;Lonicera Caprifolium.;Plantae;Zonas frías y con poca exposición al sol.;Zona sur de Europa.;La corteza y las hojas de la madreselva poseen efectos  desintoxicantes, son diuréticas y sudoríficas, astringentes, curativas y, en  dosis mayores, eméticas.;Infusión de flor madreselva.;Toma las flores más nuevas, las que estén recién abiertas. Colócalas en una tetera. Calienta 3 tazas de agua hasta que hierva y viértela sobre las flores. Deja reposar por 15 minutos. Cuela y bebe lentamente para disfrutar de su delicioso aroma y sabor.;Magnoliophyta.;Dicotiledóneas.;Dipsacales.;Caprifoliaceae.;Lonicera, L.;Lonicera caprifolia;plantas/madreselva.jpg
71;Paico;Paico, epazote, acahualillo o té de milpa.;Dysphania;Plantae;En climas cálido, semicálido, seco y templado.;Originaria de América Central y Norte de América del Sur.;"Este puede servir para tratar un resfrío; puede ser también comestible; y es muy efectivo para los golpes.";Se coloca el emplasto en la zona golpeada, en caso de resfrío se coloca el emplasto en el pecho;Se hace un emplasto con las hojas, la raíz y el tallo.;Magnoliophyta.;Magnoliopsida;Caryophyllales.;Amaranthaceae;Dysphania;Dysphania ambrosioides;plantas/paico.jpg
72;Valeriana;Valeriana, valeriana común, valeriana de las boticas.;Valeriana officinalis;Plantae;Es muy común en los bosques húmedos y al borde de corrientes de agua.;Nativa de Europa y algunas partes de Asia.;Este puede servir para controlar lo que son los nervios  y la presión. Infecciones de la piel, enfermedades del corazón, insomnio, dolor  de cabeza, cólicos menstruales.;Es necesario y recomendable adquirir solamente una cucharadita de esta agua.;En una taza de agua aromática o de jugo u otra bebida, se debe agregar una cucharadita, llena del agua de valeriana, posteriormente se realizara una mezcla de los dos líquidos y se beberá poco a poco.;Magnoliophyta.;Magnoliopsida;Dipsacales.;Caprifoliaceae;Valeriana;V. officinalis;plantas/valeriana.jpg
74;Hierba Blanca;Hierba Blanca, angustifolia, paraguariensis.;Aloysia ligustrina.;Plantae;Se encuentra en zonas serranas y en las cumbres de las quebradas de América.;Es originaria de América desde México hasta Argentina.;se utiliza como digestivo, carminativo y antiespasmódico, para casos de dispepsia o dolores de estómago. Se la consume también como sedante ligero.;Prepararla en agua y tomarla con miel al gusto.;Consumir de 4 a 5 tazas diarias.;Magnoliophyta.;Magnoliopsoda.;Lamiales.;Verbenaceae.;Aloysia.;Aloysia gratissima.;plantas/hierba_blanca.jpg
80;Achojcha;Achojcha, pepino, pepino de rellenar, archucha.;Cyclanthera pedata.;Plantae;Climas  tropicales y templados.;Originaria de los Andes su extensa área de distribución abarca Centroamérica, Sudamérica, Asia tropical y templada.;Curan los pies partidos por el frío, disminuye el escozor de las almorranas. Para esto, en medicina tradicional, se usa su fruto, moliendo y mezclando con manteca vegetal, infundia de gallina, licuada al fuego, Parte utilizada: Su fruto.;se usa su fruto, moliendo y mezclando con manteca vegetal, infundia de gallina, licuada al fuego,;Cruda en ensaladas, o cocida en varias preparaciones, y comiendo en ayunas purifica la sangre.;Magnoliophyta.;Dicotiledóneas;Violales.;Cucurbitáceas.;Cyclanthera;C.pedata;plantas/achojcha.jpg
101;Col;Col, Col de Bruselas, Repollo.;Brassica oleracea var. Capitata;Plantae;Humedad constante. Debido a su gran tamaño y a la disposición de las hojas.;Es nativa de la costa del sur y del oeste de Europa.;Indudablemente una verdura valiosa para la alimentación. Todos la usamos en casa, seguramente ignorando qué propiedades tiene y qué beneficios trae para la salud del hombre. Tradicionalmente, el zumo recién exprimido de repollo se ha utilizado en la medicina popular para tratar las úlceras de estómago y las duodenales, aunque hasta el momento no se conoce su eficacia real. Asimismo, el zumo de col agria se emplea para tratar los problemas de digestión. De manera externa se han utilizado las hojas machadas para tratar úlceras y heridas o se han colocado sobre los furúnculos.;Zumo, en ensalada.;No tiene restricción.;Magnoliophyta.;Magnoliosida;Capparales.;Brassicaceae (Cruciferae).;Brassica.;Brassica oleracea.;plantas/col.jpg
69;Ishpingo;Ishpingo, canela amazónica, flor de canela, ishpink, Ishpingu.;Ocotea quixos (LAURACEAE);Plantae;Se encuentran principalmente en bosques primarios y en chacras con suelos rojos, arcillosos y arenosos.;De la Amazonía;Su madera es usada en carpintería en general, en construcciones de viviendas rurales amazónicas. Tiene diversas propiedades medicinales, especialmente en casos de malestar estomacal y diarrea. En Manabí la usan para tratar artritis y calambres. Es una especie que permite aromatizar y saborizar los alimentos. Las flores son indispensables para la preparación de la colada morada.;infusión.;Beber una taza caliente de esta bebida.;Magnoliophyta.;Magnoliopsida;Laurales.;Amburana;Cearensis;Amburana;plantas/ishpingo.jpg
75;Eneldo;Eneldo, eneldo viscoso, hinojo hediondo, neeneldo.;Anethum Graveolens;Plantae;A climas templados fríos.;Es oriunda de la región oriental del mar Mediterráneo.;Disminuye la ansiedad, se emplean en la preparación de ciertas infusiones con fines terapéuticos. Estimulantes, carminativos, estomáquicos, ligeramente diuréticos y galactógogos. Condimento y aromatizante de conservas, chucrut, pickles, salsas para carnes y pescados, etc.;Infusión: verter 15-20 g de frutos sobre 1 litro de agua hirviendo. Reposar 10-15 minutos antes de filtrar.;Ingerir 100-200 mL al día repartidos en 2 dosis.;Magnoliophyta.;Magnoliopsida;Apiales.;Apiaceae;Anethum;Anethum graveolens;plantas/eneldo.jpg
76;Salvia;Salvia, alvia blanca, salvia con hojas de espliego, salvia de Aragón.;Salvia officinalis;Plantae;Crece silvestre y abundantemente en terrenos calcáreos o áridos, y de clima cálido y seco.;De las regiones mediterráneas.;"Está indicada como tónico digestivo y emenagogo; también para lavar heridas";Infusión: Se colocan tres cucharaditas de esta planta medicinal seca en 3 tazas de agua hervida, y se deja reposar.;Se debe beber 3 taza por día;Magnoliophyta.;Magnoliopsida;Lamiales.;Lamiaceae;Salvia;Salvia officinalis;plantas/salvia.jpg
13;Malva;Malva,  malmá, malva alta, malva común, malva dulce, malva lisa.;Lavatera arborea.;Plantae;Se ha introducido en Centroamérica y Norteamérica, donde está considerada como planta invasora.;Se encuentra en Asia occidental y Norte de África.;Ideal para suavizar las mucosas del aparato respiratorio, siendo muy efectiva en procesos como tos seca, catarros, fiebres, dolor en el pecho, anginas, bronquitis, faringitis, afonía, ronquera, sibilancia, etc.;La forma más efectiva para tomarnos seria en aguas en donde colocaremos dicha planta.;Toman de dos a tres tazas al día.;Magnoliophyta;Magnoliopsida;Malvales.;Malvaceae.;Malva;M. sylvestris;plantas/malva.jpg
12;Manzanilla;Manzanilla, camomila común o romana.;Chamaemelum nobile;Plantae;Actualmente se encuentra en la mayor parte de los Estados Unidos, Ecuador, Colombia, y en los valles centrales de Chile.;Nativa de Europa y las regiones templadas de Asia;Alivia dolores del estómago e infecciones.;Recolectar unas 5 o 6 ramas con flor de manzanilla y poner a hervir en agua de 5 a 10 minutos, se puede añadir bicarbonato y azúcar al gusto.;Beber una taza caliente de esta bebida.;Magnoliophyta;Magnoliopsida;Asterales;Asteraceae;Chamaemelum;Chamaemelum nobile;plantas/manzanilla.jpg
14;Romero;Romero, romero blanco, romero común, romero coronario, romero fino.;Rosmarinus officinalis.;Plantae;Se cría en todo tipo de suelos, preferiblemente los secos y algo arenosos y permeables.;Mediterráneo en las Azores, Islas Canarias, Madeira, Bulgaria, Ucrania y Crimea.;Se utiliza para tratar muchos problemas de salud como el cansancio y los dolores de cabeza, caída del pelo.;1.Si es para la caída de cabello tenemos que mojarnos con el agua de romero. 2. La infusión de romero se utiliza para el cansancio y los dolores de cabeza;1. pasado un día darán buenos resultados. 2. toma 3,5 ml (50 gotas) de tintura de romero 3 veces al día.;Magnoliophyta;Magnoliopsida;Lamiales.;Lamiaceae (Labiatae).;Rosmarinus;Rosmarinus officinalis;plantas/romero.jpg
15;Sauce lloron;Sauce lloron.;Salix babylonica.;Plantae;Crece de manera silvestre y sin cuidados especiales.;Nativo del este de Asia especialmente del norte de China.;Sirve para el dolor de cabeza, dolores musculares, fibromialgia, ciática, dolor de oídos, dolores reumáticos, dolores en la menstruación, etc.;Se puede tomar mediante aguas medicinales.;1.Tomar un taza al dia por varias veces hasta que se sienta mejor.;Magnoliophyta.;Magnoliopsida.;Malpighiales.;Salicaceae.;Salix;Salix babylonica;plantas/sauce_lloron.jpg
22;Lamia;Lamia, asanda, té del río, yerba buena de los campos, menta del campo.;Menta arvenis.;Plantae;Europa, Asia, África, Oceanía, y América.;Nativa de las regiones templadas de Europa y Asia central y occidental, este del Himalaya y de Siberia.;Para una buena digestión. Para los dolores de origen dental. Tónico estimulante en pequeñas dosis, porque estupefaciente en dosis mayores, Antiálgico, anestesiante, Anti-cefálico, Antiviral, antibacteriano, Descongestionante.;Vía interna: Tomar 1 o 2 gotas de este aceite esencial quimiotipado mezcladas con miel o azúcar de caña después de la comida. Vía externa: Enjuagar con 3 gotas de este aceite esencial quimiotipado + 12 gotas de dispersante en media jarra de agua tibia.;Vía interna: tomar 1 o 2 gotas después de la comida. Vía externa: enjuagar con 3 gotas.;Magnoliophyta;Magnoliopsida;Lamiales.;Lamiaceae.;Mentha;M. arvensis.;plantas/lamia.jpg
11;Cebolla Blanca;Cebolla Blanca, cebolla cabezona, cebolla de huevo o cebolla de bulbo.;Allium cepa.;Plantae;Actualmente se cultiva en casi todo el mundo.;Su origen se sitúa en Asia Central.;Protege el corazón, aliada contra la diabetes, favorece la digestión.;Depende para que enfermedad necesite, pero en general se pela las cebollas y se licua.;Tomar tres veces a la semana por dos meses.;Magnoliophyta;Liliopsida;Liliales.;Liliceae.;Allium;Allium cepa;plantas/cebolla_blanca.jpg
81;Corona de Cristo;Corona de Cristo, flor de cristo, corona de espinas, espinas de Cristo;Euphorbia Milii;Plantae;Sse puede encontrar en algunas zonas del norte de América del Sur.;Arbusto originario de Madagascar.;Es una planta que se utiliza para los problemas del sueño (insomnio), trastornos gastrointestinales relacionados con la ansiedad o el nerviosismo, trastorno de ansiedad generalizada y aliviar los síntomas relacionados con la abstinencia de narcóticos.;Primero hervir el agua cuando rompa en hervor, apagar el fuego agregar la hierba secar y dejar reposar por 5 o 6 minutos. Luego colar y tomar, no tomar mas de una taza al día;La dosis si la conseguimos sin envasar en porciones o recogemos y secamos nosotros mismos la plantas, son dos cucharaditas de las de te para una taza de agua.;Magnoliophyta.;Magnoliopsida;Malpighiales.;Euphorbiaceae;Euphorbia;E. milii;plantas/corona_de_cristo.jpg
83;Chilchil;Chilchil, chinchilla, wacataya, hiqchipa, quinchihue.;Tangente Minuta.;Plantae;En toda América.;Es originaria de los pastizales y las regiones montañosa del sur de Sudamérica.;Se utiliza para realizar limpias contra el mal aire y mal de ojo. La planta también actúa como plaguicida realizando control biológico. Es una planta cálida. Se utiliza las hojas y flores machacadas para el control de pulgón y otros insectos. También se siembra entre las hortalizas y legumbres y debido a su fuerte olor aleja los insectos, constituyendo en un excelente controlador biológico.;Se usa toda la planta en conjunto con otras plantas de olores fuertes, se realiza limpias de todo el cuerpo del paciente.;Se debe realizar la limpia por una curandera un martes o viernes.;Magnoliophyta.;magnoliopsida;Asterales.;compositaceae;tagentes;laurus nobilis;plantas/chilchil.jpg
87;Coco;Coco, cocotero.;Cocos nucifera.;Plantae;Se puede encontrar en la orilla de playas tropicales arenosas3​ del mar Caribe, océano Índico y Pacífico.;Es originaria de las costas tropicales asiáticas o de las americanas.;Es usado como diurético, emoliente, vermífugo, discretamente laxante. La cáscara quemada se emplea como sahumerio en caso de dolor de muelas. Con la pulpa se hace un jarabe pectoral. La decocción del mesocarpo fibroso, en las zonas de origen, se usa como purgante y antihelmíntico.;Se le revienta al coco y sacamos en vaso de ese líquido.;Se le revienta al coco y sacamos en vaso de ese líquido.;Magnoliophyta.;Cocoeae.;Butiinae;Arecaceae;Cocos;Cocos nucifera;plantas/coco.jpg
20;Palo santo;Palo santo, caraña, crispín.;Bursera graveolens;Plantae;Crece en bosques secos en gran parte de América tropical de la costa pacífica de Sudamérica.;Originaria de la costa de América del Sur.;Se utiliza en caso de neuralgia, menorragia, catarro y diurético.;Hacer hervir las virutas o tablitas de palo santo durante 15 minutos, dejar reposar otros 5 minutos. Con 10 palitos del tamaño del dedo medio de la mano se pueden hacer unas 30 tazas de té.;Filtrar y tomar una taza con estevia, azúcar de caña o miel en las noches.;Magnoliophyta;Magnoliopsida;Sapindales;Burseraceae;Bursera;B. graveolens;plantas/palo_santo.jpg
23;Menta;Menta​, menta piperita, monte yuyo, menta negra, toronjil de menta.;Mentha spicata;Plantae;Es posible encontrarla en zonas templadas de ambos hemisferios.;Originaria de las regiones templadas de Europa.;Combate el mal aliento, previene la aparición de cataratas, tranquilizante, mejora la circulación.;20 o 30 hojas de menta por litro de agua hirviendo.;No se puede consumir más que 700 ml —3 tazas, aproximadamente— por día y repartidas en 3 dosis diferentes:  a la mañana, a la tarde y a la noche.;Magnoliophyta;Magnoliopsida;Lamiales;Lamiaceae (Labiatae).;Mentha;Mentha piperita.;plantas/menta.jpg
25;Casamarucha;Casamarucha,  cardo de tres punta, arrancamoños o agarramoños.;Acanthoxanthium spinosum.;Plantae;Cultivos, pastizales.;Es originaria de América, probablemente del Cono Sur (Bolivia, Chile, Argentina).;Los uso medicinales que dan son par contrarrestar la fiebre, como desinfectante de los aparatos reproductores femeninos y masculinos, especialmente en el tratamiento de la prostatitis y para disimular la fiebre.;Ponga a hervir un litro de agua y el momento de ponga el hervor, añada dos cucharada de la planta y tape. Deje reposar por 10 minutos;Cernir y dar de beber a la persona dos tazas al día durante dos días consecutivos.;Magnoliophyta;Magnoliopsida;Asterales;Asteraceae;Xanthium;X. spinosum;plantas/casamarucha.jpg
26;Higo;Higo, higuera común, cabrahigo;Ficus carica;Plantae;Crece ahora espontáneamente en torno al Mediterráneo y en otras regiones del mundo.;Originario de Asia sudoccidental.;se utiliza para controlar la diabetes y bajar los niveles de los triglicéridos en la sangre. Su látex («leche de higo») se usó antiguamente para combatir caries dentales y verrugas de la piel, también se empleó para cuajar la leche.;Agregar 3 hojas de higuera en medio litro de agua, hervir durante 15 minutos.;Cernir y beber una taza todas las mañanas.;Magnoliophyta;Magnoliopsida;Rosales;Moraceae;Ficus;Ficus carica;plantas/hoja_de_higo.jpg
27;Pena Pena;Pena Pena, fucsia, chilco de Chile, melindres, palo blanco de Chile.;Fuchsia spp.;Plantae;Se extiende por todo el mundo.;Originario de Argentina y Chile.;Se utiliza para realizar aguas aromáticas con el fin de para ayudar a llevar mejor las penas, contra el Colerín, menstruaciones escasas o ausentes, Dolores menstruales, Disminuye la fiebre, Aumenta el flujo de orina.;Agregar una o dos flores de estas en un litro de agua y luego de hervir durante 5 minutos, endulzar y cernir.;Es recomendable tomarlas en las noches.;Magnoliophyta;Magnoliopsida;Myrtales.;Onagraceae.;Fuchsia;F. magellanica;plantas/pena_pena.jpg
37;Jengibre;Jengibre, Gengibre, Ajengibre, Jengibre dulce.;Zingiber officinale;Plantae;En regiones tropicales o subtropicales del mundo.;originario de los bosques lluviosos tropicales del subcontinente indio al sur de Asia.;Problemas digestivos como la gastritis y la gripe.;Para quitar la gripe se mezcla en la licuadora trozos de jengibre con limón eso se toman y se sanan.;Una vez al día.;Magnoliophyta;Liliopsida;Zingiberales;Zingiberaceae;Zingiber;Zingiber officinale;plantas/jengibre.png
35;Apio;Apio, Apio común, Apio de huerta.;Apium graveolens;Plantae;Europa (se utiliza muchísimo.en Francia, Italia y España ) y América.;Es  originario del Mediterráneo, del Cáucaso y del Himalaya.;Eliminar Cálculos renales.;Aplastar el apio sacar el sumo y beberlo.;Para eliminar cálculos renales tomar 4 veces al día.;Magnoliophyta;Magnoliopsida;Apiales;Apiaceae;Apium.;Apium graveolens.;plantas/apio.jpg
28;Ortiga Macho;Ortiga Macho, ortiga menor, ortiga, caballo chino, Huasca.;Urtica ballotifolia Wedd.;Plantae;habita en climas húmedos o tropicales.;América central y del Sur.;Tiene diferentes tipos de propiedades, pero en las aceptada es aquella que sirve para controlar la diabetes y dolores musculares.;Dejar hervir una rama en un litro de agua para posteriormente hervir y cernir, si se tiene dolores musculares se recomienda golpearse con la ramas para posteriormente tomar un baño;Tomar tres tazas diarias antes de las comidas.;Medicinal;Magnoliopsida;Urticales.;Urticaceae;Urtica;U. urens.;plantas/ortiga_macho.jpg
85;Rosa de Cerco;Rosa de Cerco, botija de Cuba, botulo de Guayaquil.;Cochlospermum vitifolium.;Plantae;Habita en climas cálidos, semicálidos y templados desde el nivel del mar hasta los l000 metros.;Originario de América tropical, y específicamente de México;Zumo se utiliza en la ictericia. las raice son usadas para la resolución de abscesos y su infusión, como calmante en las inflamaciones de los intestinos.;Zumo: el zumo exprimido de las hojas recién cogidas. Las raíces machacadas y su infusión.;Zumo: en dosis de una cucharada de las de sopa, repetida tres o cuatro veces al día. Se debe tomar una taza todas las noches hasta sver mejoria.;Magnoliophyta.;magnoliopsida;Malvales.;bixaceae;Cochlospermum;laurus nobilis;plantas/rosa_de_cerco.jpg
17;Toronjil;Toronjil, cidronela, cidronella, citraria, hierba cidra, hierba huerto;Melissa officinalis.;Plantae;Actualmente bajo cultivo en casi todo el mundo.;Nativa del sur de Europa y de la región mediterránea.;Se utiliza en infusión como tranquilizante natural y molestias del corazón, su aceite esencial se aprovecha en perfumería.;Recoger una porción de toronjil, luego chancar esta porción en una piedra, extraer el zumo y beberlo.;Beber el zumo de toronjil durante 9 días antes del desayuno.;Magnoliophyta;Magnoliopsida;Lamiales;Lamiaceae (Labiatae);Melissa;M. officinalis;plantas/toronjil.jpg
42;Oregano;Orégano, oregano, mejorana silvestre, oreganín, perigüel, urégano.;Origanum vulgare.;Plantae;Crece en la mayoría de los continentes y bajos diversas condiciones.;Nativa del oeste u suroeste de Eurasia y la región mediterránea.;La infusión de orégano ha sido utilizado como un auxiliar en el tratamiento de la tos y los espasmos. El orégano también podría ayudar a la digestión al aumentar el flujo biliar y al combatir algunas infecciones producidas por bacterias, virus, hongos, gusanos intestinales y otros parásitos.;Para prepararlo se debe colocar la planta en agua hirviendo. Para tomarla se debe dejara enfriar.;inhalar el vapor por varias veces durante 3 noches, para tomarlo depende de varios factores como la edad, la salud y muchas otras condiciones, por lo general es un vaso al día.;Magnoliophyta;Magnoliopsida;Lamiales.;Lamiaceae (Labiatae).;Origanum;Origanum vulgare;plantas/oregano.jpg
45;Naranja;Naranja;Citrus X sinensis.;Plantae;Europa, América, Asia, África.;originario de India, Vietnam y el sureste de China.;Se usa para: “nervios, sudoración, insomnio, vejiga, próstata, amigdalitis, bronconeumonía, reumatismo, estómago, corazón, cáncer, y obesidad”;Preparar 5 gramos en infusión de las hojas por 100 gramos de agua, hervir unas hojas de naranja y beberla.;Tomar una taza en el momento de la crisis nerviosa. tomar un vaso de la solución, tomar el sumo, Tomar licuado en las mañanas, tomar rociado su corteza.;Magnoliophyta;Magnoliopsida;Sapindales.;Rutaceae.;Citrus;"Citrus x sinensis; Osbeck";plantas/naranja.jpg
47;Geranio;Geranio, Pelargonio, Malvón.;Geranium spp.;Plantae;Todas las regiones templadas del mundo incluidas las zonas montañosas de los trópicos.;Zona oriental del Mediterráneo.;Cicatrizar las heridas, alivia la migraña, disminuye el estrés, mitiga la inflamación, mejora la digestión, fortalece el sistema inmune, mejora la salud renal.;Hervir medio litro de agua colocar 10 g de hojas y dejar inficionar 10 min.;Tomar 1 vaso antes de cada comida;Magnoliopsida;Magnoliopsida;Geraniales.;Geraniaceae.;Geranium, Pelargonium;Geranium, L.;plantas/geranio.jpg
102;Uvilla;Uvilla, aguaymanto, uchuva, ushun.;Physalis peruviana.;Plantae;Esta planta se da naturalmente en Perú, Venezuela, Bolivia, Ecuador y Colombia.;Originaria de América del Sur, especialmente del Perú.;Favorece la eliminación de líquidos corporales, al hacer trabajar más a los riñones para expulsar líquidos, siendo muy adecuada en casos de obesidad, edema y enfermedades que se asocian con la acumulación de agua en el cuerpo. Infusión para uso externo: aplicar con compresas sobre la parte afectada. Se prepara una pasta con las hojas y se aplica en zonas inflamadas y afectadas por erisipela.;Uso alimentario en ensaladas. Infusión: Una cucharada de planta fresca con una taza de agua bien caliente.;Tomar 3 tazas al día en las principales comidas.;Magnoliophyta.;Magnoliopsida;Solanales.;Solanaceae.;Physalis.;Physalis peruviana.;plantas/uvilla.jpg
38;Cola de Caballo;Cola de Caballo, equiseto menor, escobilla, escobín, escobón, estañera;Equisetum arvense;Plantae;Todos los lugares húmedos.;Grecia, Roma y China.;Ayuda a eliminar la retención de líquidos en el organismo, Desinflamar riñones, para actuar contra de la gota, cálculos renales, reumatitis e infecciones urinarias.;Una de las maneras más habituales de consumir la cola de caballo es en enfusión. Para ello, herviremos agua y añadiremos la planta en bolsitas o sobres, dejándola actuar y reposar unos cinco minutos.;Se toma una vez al día. En el caso de querer tratar una dolencia en concreto, o utilizarse como complemento diurético, se recomienda beber tres vasos diarios durante un mes y medio, y dejar de tomarlas posteriormente durante algunas semanas.;Magnoliopsida;Equisetopsida;Equisetales;Equisetaceae (familia nº 4);Equisetaceae;Equisetum arvense;plantas/cola_de_caballo.jpg
18;Cidra;Cidra, cidro o citrón, limón poncil, limón francés o toronja, cidrera.;Citrus medica;Plantae;Cultivada en todas las regiones del mundo.;Se desconoce su origen, pero se empezó a cultivar en China en el 1.300 BCE.;Se usa para: 1. Ayuda a eliminar la bilis o colerina,  para las inflamaciones del hígado y de la vesícula. 2. combatir las indigestiones. 3. El zumo de cidra con vino se creía que era un antídoto efectivo contra los venenos en general.;Preparcion: 1. Se hace hervir una rodaja en un litro de agua. 1. Una cuchara de cáscara seca y molida, en infusión en una taza de agua hirviendo.;1. se toma una taza en ayunas. 2. una taza al día.;Magnoliophyta;Magnoliopsida;Sapindales;Rutaceae;Citrus;Citrus medica;plantas/cidra.jpg
44;Mortinio;Mortiño, mortinio, uva de los Andes, uva de monte, manzanilla de cerro;Solanum nigrum.;Plantae;Crece en la Sierra, en zonas altas y frías: Cañar, Azuay, Loja.;Originaria de los Andes: Bolivia, Colombia, Ecuador, Perú y Venezuela.;Es aprovechado para el tratamiento de algunas enfermedades como accidentes cerebrovasculares y enfermedades neurodegenerativas.;Ser lavado y comerlo.;Se debe ingerir en cantidades normales durante el día.;Magnoliopsida;Magnoliopsida;Solanales.;Solanaceae.;Vaccinium;meridionale;plantas/mortinio.jpg
97;Gullan;Curubas, taxos, tumbos, parchas o poroksas.;Passiflora tripartita;Plantae;Perú, Colombia, Ecuador y otras zonas tropicales.;Los valles andinos de Venezuela y el este de Colombia a Bolivia y Perú.;"Para el anti estrés y anti ansiedad Esta fruta contiene vitaminas A, C, B1, B2 y B3; minerales como calcio, hierro y fósforo. Además, proteína, carbohidratos, gran cantidad de fibra y de agua";La curuba es una fruta versátil usada para hacer helados, postres, mermeladas, sorbetes lácteos, jaleas, vinos, rellenos para pastel, en cremas, jugos, ensalada de frutas, entre otras. Para sacar un mayor provecho de sus propiedades se recomienda comer la fruta directamente, abriéndola por la mitad.;Una forma de hacerlo más agradable es endulzarlo con melao de azúcar, consiste en dejar hervir una taza de azúcar en 2 de agua y usarlo para endulzar el jugo.;Magnoliophyta.;Magnoliopsida;Malpighiales;Passifloraceae;Passiflora;Passiflora tripartita;plantas/gullam.jpg
96;Pata con Panga;Pata con Panga;Pangasius.;Animalia;Crece en lugares húmedos de la sierra es nativa del ecuador se lo cultiva en varios lugares.;Nativa de Ecuador;Es un estimulante cardíaco y proporciona alivio para la jaqueca, es útil para dolores de oído. la hoja tiene propiedades de pectorales.;La esencia que sale de esta y de algunos montes es el agua de pítima, es muy buena para todas las enfermedades.;Tomar una taza al día .;Chordata;Actinopterygii.;siluriformes.;Pangasiidae;Pangasius.;hypophthalmus.;plantas/pata_con_panga.jpg
94;Hierba de San Juan;Hierba de San Juan, hipérico, hipericón, corazoncillo.;Hypericum perforatum.;Plantae;Se a adaptado en todas partes del mundo: Europa, China, Australia, Norte de África y América.;Es una hierba originaria de Europa.;Sirve para el para el tratamiento de la depresión leve a moderada y la ansiedad.;Se hace una Infusión 15 a 30 gr/l.;3 o 4 tazas al día.;Magnoliophyta.;Magnoliopsida;Malpighiales.;Hypericaceae;Hypericum;Hypericum perforatum.;plantas/hierba_de_san_juan.jpg
88;Violeta;Violeta, violeta común o viola, viola de olor, viola olorosa.;Viola odorata.;Plantae;En toda América.;Nativa de Europa y de Asia.;Afecciones respiratorias (resfriado, gripe, bronquitis, faringitis, asma, etc.). Afecciones del aparato digestivo (gastritis, úlcera gastroduodenal, etc.).;Se pone una olla con agua, dejamos que hierva y luego la servimos en tazas.;Tomarse un al día. En dosis elevadas es emético y discretamente laxante.;Magnoliophyta.;Magnoliopsida;Violales.;Violaceae.;Viola;V. odorata;plantas/violeta.jpg
91;Linaza;Linaza, lino, lino albar, lino armado, lino blanco.;Linum Usitatissimum.;Plantae;Se cultiva en casi todos los climas, en Canadá, Estados Unidos, Egipto, Argentina, España, Francia, Rusia.;Es originario de la región de los ríos Nilo, Éufrates, y Tigris.;La Verbena nos ayuda a mejorar los síntomas de resfriado y gripe, estados de cansancio físico y mental, mejora las digestiones lentas y pesadas, protege y cuida de nuestro hígado para los casos de hígado graso, ictericia o la inflamación. La Verbena combate el insomnio,  para el dolor de cabeza como las jaquecas, para la reuma  mejorando los síntomas.;Se utiliza principalmente preparando una infusión.  También en cataplasma o compresas para mejorar dolencias de la piel como el eccema, forúnculos o quemaduras;Pon una cucharadita de Verbena seca en una taza y añade 150 ml de agua muy caliente, casi hirviendo y se tapa.;Magnoliophyta.;magnoliopsida;Malpighiales.;linaceae;linum;L. usitatissimum;plantas/linaza.jpg
92;Curcuma;Curcuma, cúrcuma de la India, jengibre de dorar, palillo.;curcum doméstica o cúrcuma longa;Plantae;Está adaptada a zonas cálido húmedas.;Originaria del sur de la India;Es un estado grave de pérdida de conciencia, que puede resultar de una gran variedad de condiciones incluyendo las intoxicaciones (drogas, alcohol o tóxicos), paro cardiorrespiratorio, anomalías metabólicas (hipoglucemia, hiperglucemias), enfermedades del sistema nervioso central, ACV, traumatismo cráneo-encefálico, convulsiones e hipoxia. Las causas metabólicas son las más frecuentes.;Extracto de raíz.;La dosis diaria recomendada es de 300 a 600 mg/día de extracto de raíz de cúrcuma estandarizado al 95% de curcuminoides, o incorporar la cúrcuma a nuestra alimentación diaria;Magnoliophyta.;liliopsida;Zingiberales;Zingiberaceae;Curcuma;Curcuma longa.;plantas/curcuma.jpg
95;Sandalo;Sandalo;Santalum album;Plantae;Adaptado en todo el mundo, en especial en América.;Originaria de la India y otras partes de Asia.;Suaviza la piel seca y agrietada, mejorando la textura de todo tipo de pieles. Calma la depresión, la ansiedad y los sentimientos de pánico;Infusión.;Tomar 1 vaso cada noche.;Magnoliophyta.;Magnoliopsida;Santalales;Santalaceae;Santulón;S. álbum LINN.;plantas/sandalo.jpg
100;Matico;Matico, palguín, pañil, paiquil o acerillo.;buddleja globosa;Plantae;los valles interandinos hasta los 3.000 msnm.;Originaria de Argentina, Bolivia, Perú y Chile;La medicina popular le atribuye propiedades cicatrizantes, es así como la infusión de las hojas es usada en forma tópica para el tratamiento de heridas, de quemaduras, inflamaciones, dolor de garganta, tos, úlceras externas e internas, dolores estomacales, entre otros.  En la actualidad se comercializan productos para mascotas y caballos en base al extracto glicólico de matico.;La evaluación farmacológica de extractos seriados obtenidos a partir de las hojas ha permitido demostrar las propiedades antiinflamatorias tanto en vía oral como tópica.;Tomar una  taza coloca dos hojas pequeñas de matico, agrega agua hervida caliente, tápalo y déjalo reposar unos minutos.;Magnoliophyta.;Magnoliopsida.;Piperales.;Piperaceae.;Buddleja;Buddleja globosa.;plantas/matico.jpg
99;Carne Humana;Carne Humana, matico de la puna o karamati.;Jungia cf. rugosa;Plantae;Se adapta a climas húmedos y fríos y altitudes superiores a 3000 metros sobre el nivel del mar.;Habita zonas andinas de Ecuador, Bolivia y Perú.;Algunas personas toman esta agua con la finalidad de adelgazar. En cuanto al empleo en animales: se utiliza para lavar las heridas a nivel de las ubres en las vacas, para heridas de castración en cerdos, se utiliza la decocción de la planta. Para dolores de muela. La utilizan para trastornos renales. Como emplastos se utiliza para las paperas.;Como infusión con las hojas de la planta también se puede utilizar como ungüento en las heridas.;Tomar una taza o 1 o más aplicaciones.;Magnoliophyta.;Magnoliopsida.;Solanales.;Piperaceae.;Jungia;Jungia rugosa;plantas/carne_humana.jpg
43;Eucalipto;Eucalipto (Ecuador y Perú), ocalito (Costa Rica).;Eucalyptus globulus.;Plantae;Se  ha extendido por todo el mundo.;originaria del sureste de Australia y Tasmania.;El aceite esencial de las hojas de eucalipto es usado como descongestionante nasal y para combatir infecciones respiratorias. Puede servir para resfriados y problemas respiratorios, aunque tambien se utiliza como antiséptico de amplo espectro. La infusión de hojas de eucalipto se emplea contra la bronquitis y los catarros de las vías respiratorias.;"Se debe: . 1.poner hervir el agua; 2. Cuando haya hervido ,agrega las hojas de eucalipto; 3.tapa y deja por unos 3 minutos; 4. Retira la tapa; 5.acerca tu rostro y cubriendo tu cabeza con la toalla, trata de inhalar el vapor el mayor tiempo que puedas; 6. Toma aire por unos segundos y repíte la misma acción hasta que deje; Tambien se utiliza en forma de ungüento, en pastillas, caramelos inhalantes, infusiones, jarabes o en vaporizaciones";Se debe repetir el proceso de varias inhalaciones por 2 a 3 días.;Magnoliophyta;Magnoliopsida;Myrtales.;Myrtaceae.;Eucalyptus;Eucalyptus globulus Labill;plantas/eucalipto.jpg
54;Stevia;Stevia o Estevia, hoja dulce, hoja de caramelo, hierba de miel.;Stevia rebaudiana;Plantae;Brasil, Japón, Taiwán, Tailandia, Indonesia,Malasia, China, Filipinas, Estados Unidos,Colombia, Ecuador y Paraguay.;Nativa de la región tropical de Sudamérica (Paraguay).;Es una planta que regula el azúcar en la sangre, que reduce la presión arterial, que regula el aparato digestivo en general, actúa favorablemente en muchas personas con ansiedad, reduce la grasa en personas obesas y es diurética. Si bien la planta es beneficiosa en general tiene una gran importancia en el tratamiento de la diabetes. También es recomendable para el fortalecimiento general del sistema inmunológico.;Su preparación es tan sencilla como poner a hervir agua en una olla, luego la retiramos del fuego y remojamos hojas frescas de stevia (sin secar) metiéndolas previamente dentro de una bolsita para hacer el té. La dejamos durante hora y media de remojo.;No tiene restricción, ya que este líquido puede emplearse como endulzante.;Magnoliophyta;Magnoliopsida;Asterales;Asteraceae;Stevia;S. rebaudiana;plantas/stevia.jpg
82;Te;Té, te,  planta de té.;Camellia sinensis.;Plantae;En todo el mundo.;Del sur de China u sudeste de Asia.;"Sirve como antioxidante que retrasa los signos del envejecimiento prematuro; depurativo que elimina los líquidos que se acumulan en el organismo; digestivo; anti-grasa que ayuda a bajar de peso.";Vierte una taza de agua en una olla y ponla a hervir.;Ingiere una taza de infusión en ayunas y espera como un mínimo de 30 minutos para ingerir tu desayuno. Tomarla, por los menos, 3 veces a la semana.;Magnoliophyta.;Ericales;Ericales.;Theaceae;Camellia;C. sinensis;plantas/te.jpg
48;Ortiga Comun;Ortiga común, ortiga hembra, chine, chordiga, ordiga, ortiga mayor.;Urtica urens;Plantae;Va desde el Japón hasta los Andes;En el norte Colombia y en Venezuela (en los estados Zulia y Falcón).;Es anti anémica, para la caspa, para la caída de cabello, para la recuperación física, para la recuperación mental, es antihemorrágicas,;Se debe tomar en agua y/o en sumo. Hervir 1 litro de agua y poner 5 cucharaditas de ortiga picada retirar del fuego, tapar, dejar enfriar, colar.;Tomar 3 veces al día. Sacar 3 onzas de sumo de ortiga y tomar 3 veces al día por tres días.;Magnoliopsida;Magnoliopsida;Rosales;Urticaceae;Urtica L;Urtica dioica-Urtica urens;plantas/ortiga_comun.jpg
9;Alfalfa;Alfalfa, Mielga.;Medicago sativa;Plantae;Se cultiva en los valles interandinos en Pichincha, Cotopaxi, Tungurahua, Bolívar, Chimborazo, Cañar, Azuay, Loja.;Originaria de Persia.;Desintoxica las vías urinarias, purifica la sangre y el hígado, tiene un fuerte efecto alcalino en el cuerpo, promueve la regularidad en el movimiento intestinal y una hidratación saludable, alivia los problemas digestivos en general, contiene altos niveles de enzimas para la digestión de los alimentos y su asimilación, reduce el colesterol malo y la incidencia de la placa aterosclerótica, ayuda a mantener unos niveles de azúcar saludables en la sangre, especialmente cuando se toma con el manganeso, ayuda a la glándula pituitaria.;Una de las maneras más comunes de tomar la alfalfa es germinándola. Los brotes se consumen siempre frescos, no se cocinan. Las hojas de la alfalfa las podemos consumir en recetas de cocina como otras verduras de hoja verde, es decir, rehogadas, en sopas, purés, guisos, etc.;Toma una vaso de zumo de la alfalfa o consumirla en ensaladas o platos fríos.;Magnoliophyta;Magnoliopsida;Fabales;Fabáceas (Leguminosas).;Medicago;Herbácea;plantas/alfalfa.jpg
52;Culantro;Culantro, cilantro, oriandro, culantro europeo, perejil chino o dania.;Coriandrum sativum;Plantae;Se da bien en suelos flojos y permeables, y en climas templados o de montaña en la zona tropical.;Sus orígenes parecen inciertos, aunque generalmente se considera nativo del norte de África y el sur de Europa.;Debido a sus propiedades bactericidas se utiliza para combatir el mal aliento, masticando las hojas. También evita el mal olor de las axilas aplicando el jugo extraído de las partes blandas de la planta sobre ellas. En Ecuador, le dicen cilantro o hierbita. Se la utiliza en casi todos los platos: diversos platos típicos tanto de la región litoral como en la sierra, tales como el encebollado, el seco de chivo o gallina, locro de papas, entre otros.;1. Infusión, mejor si se combina con otras hierbas. 2. Extracto líquido.;1. dos tazas al día. 2. hasta 30 gotas diaras en tres tomas, antes o después de las comidas.;Magnoliophyta;Magnoliopsida;Apiales;Apiacea;Coriandrum;Coriandrum sativum l.;plantas/culantro.jpg
57;Anis;Anis, anís verde, matalahúva o matalahúga.;Pimpinella anisum L;Plantae;Es propio de las regiones templadas y cálidas;Originaria del Asia sudoccidental y la cuenca mediterránea oriental.;Para: Digestiones Difíciles, Purgante para los niños, Faringitis, como Expectorante: ayuda a expulsar flemas y moco de los pulmones. Muy útil en casos de tos con flemas, catarro o problemas del sistema respiratorio, Bronquitis: Ayuda a expulsar las mucosidades y a bajar la inflamación, Hipo, Sistema Nervioso:  El anís es un sedante y calma los nervios.;Digestiones Difíciles: Tomar en infusión una cucharadita por vaso de agua, mantener la mezcla en maceración durante 10 días. Purgante para los niños: Suministrar un gramo de granos de anís mezclados con agua. Faringitis: Realizar gárgaras con la infusión mixta a partes iguales de frutos de Anís machacados y hojas secas de malvavisco, menta y salvia. Expectorante y Bronquitis: Tomar en infusión media cucharadita de por taza de agua.  Hipo : Tomar una pizca de anís recién molido con un sorbo de agua. Sistema Nervioso: Tomar en infusión una cucharadita de frutos secos por taza de agua.;Digestiones Difíciles: Beber dos vasos al día. Expectorante y Bronquitis: Tomar dos o tres tazas al día después de comer. Sistema Nervisos: Beber un par de tazas al día.;Magnoliophyta;Magnoliopsida;Apiales;Apiaceae;Pimpinella;Pimpinella anisum L;plantas/anis.jpg
10;Limon;Limón, limon, criollo, limón agrio, limonero.;Citrus Limon;Plantae;Actualmente se cultiva en casi todo el mundo.;Originaria de Asia;El zumo de limón ayuda a la digestión y elimina las toxinas de tu organismo, estimula tu sistema inmunitario, ayuda a perder peso, limpia tu piel, proporciona energía, depura tu cuerpo, aliento más fresco.;Dolores de cabeza – Usted debe exprimir un poco de jugo de limón en su café. Limón ayuda a combatir el acné. El limón se puede utilizar como un antiséptico natural para sus heridas, debido a que detiene el sangrado. Para reducir el dolor de picadura de una abeja o avispa, utilizar y aplicar directamente el jugo de limón puro. El consumo regular de limón en el cuerpo ayuda con cálculos renales. Limón mezclado con aceite de oliva ayuda a combatir las piedras biliares. Si tienes la piel grasa, se aplica en la cara jugo de limón 2 veces al día. Dejar actuar durante 5 minutos y lavar.;Hervir por 5 minutos 5-12 g de hojas frescas o corteza de frutos. Ingerir 300-500 mL al dia repartidos en 2-3 dosis.;Magnoliophyta;Magnoliopsida;Sapindales.;Rutaceae.;Citrus.;Citrus × limon;plantas/limon.jpg
29;Laurel;Laurel, laurel ornamental,  lauro, árbol de Apolo, aurel.;Laurus nobilis.;Plantae;Se da mejor en aquellos sueltos y frescos.;Es originario de la zona Mediterránea.;1. Se usa como tónico estomacal para abrir el apetito o para mitigar la fatiga. 2. Como remedio a las enfermedades respiratorias. 3. Como tratamiento tópico para dolores reumáticos, inflamaciones osteoarticulares y pediculosis. 4. Para la mejora de la circulación sanguínea o como ingrediente en fórmulas magistrales.;1 Empleándose en infusión. 2. Aplicando baños de vapor o cataplasmas. 3. Realizando friegas con el aceite esencial.;1.Tomar un taza al dia. 2. y 3. Relizar varias veces hasta que se sienta mejor.;Magnoliophyta.;Magnoliopsida;Laurales.;Lauraceae.;Laurus.;Laurus nobilis;plantas/laurel.jpg
30;Oreja de burro;Oreja de burro, llantén menor, oreja de conejo, oreja de cordero.;Stachys byzantina;Plantae;Se cultiva en la mayor parte de las regiones templadas del mundo como una planta ornamental.;Se encuentra en estado silvestre en Eurasia : Irán, Turquía, Armenia y Azerbaiyán.;Trata las afecciones respiratorias como la bronquitis, asma o el catarro, se utiliza por tener una gran propiedad de antiinflamatorio, antibacteriales, expectorantes, antihistamínicas, antivirales, cicatrizantes y astringentes.;La oreja de burro se puede preparar en forma de infusión o jarabe, para la  infusión: Recolectar una porción de hojas de oreja de burro y luego hervirlas en agua por 10 minutos.;Beber una taza de esta bebida caliente por nueve noches.;Magnoliophyta;Magnoliopsida;Lamiales;Lamiaceae;Stachys;S. byzantina;plantas/oreja_de_burro.jpg
41;Ruda;Ruda, ruda común, ruda hortense de hojas anchas, ruda mayor.;Ruta graveolens.;Plantae;Lugares áridos, secos y soleados y actualmente extendida por las zonas templadas y cálidas.;Nativas sur de Europ, de la región del Mediterráneo, Macronesia y el suroeste de Asia.;Para tratar casos de cólicos estomacales, de la misma forma sirve para tratar las diarreas. Por sus propiedades antiespasmódicas, alivia los dolores de la regla. Se ha recomendado para aliviar cuadros de hipertensión arterial (consumida con prudencia) y por vía tópica (en forma de cataplasmas, por ejemplo) alivia los abscesos. para las Várices, hemorroides, afecciones de los ojos.;"Hervir diez hojas de la planta en un litro de agua. Se deja reposar cinco o diez minutos y se cuela; para consumo personal (recomendada para dolores menstruales o como tisana después de comer). Abscesos y forúnculos. Extender sobre la zona en cuestión un puñadito de hojas frescas de ruda, machacadas y cubrirlo con una gasa. Esta sirve para sanar rápidamente las partes afectadas.";beber una taza caliente en la que haya estado en infusión durante 10 minutos una puntita de ruda.;Magnoliophyta;Magnoliopsida;Sapindales.;Rutaceae.;Ruta;Ruta graveolens;plantas/ruda.jpg
65;Papaya;Papaya;Carica papaya.;Plantae;Actualmente se cultiva en Hawai, África Oriental, Sudáfrica, Ceilán, America del Sur (Ecuador).;América Central (Sur de México).;"Medicina tradicional: En algunas partes del mundo, las hojas de papaya se convierten en té como tratamiento para malaria, pero el mecanismo no se conoce; y, no se ha demostrado científicamente ningún método de tratamiento basado en tales resultados. Alergias y efectos colaterales: La papaya libera líquido de látex cuando no está maduro, lo que puede causar irritación y reacciones alérgicas, en algunas personas.";Algunos nutricionistas recomiendan la introducción de las semillas de la papaya en zumos o batidos, con el fin de aprovecharse de todos los beneficios nutritivos que pueden aportar a nuestro organismo.;Se puede ingerir una dosis diaria 1500 mg.;Magnoliophyta.;magnoliopsida.;Violales.;Caricaceae.;Carica;carica papaya;plantas/papaya.jpg
90;Verbena;Verbena, Verbena común, Hierba sagrada.;Verbena officinalis.;Plantae;Es una planta subnitrófila que se encuentra en terrenos incultos con cierta humedad y en bordes de caminos.;Crece en Europa, Asia, África y América.;Es un buen remedio para la enfermedades buco faríngeas, sobre todo las relacionadas con los dientes y las encías, ya que debido a sus propiedades antibióticas nos ayudarán a acabar con las bacterias que se encuentran en la boca y que son las causantes de las caries y diferentes enfermedades. Como sedante se emplea como relajante cardiaco, para combatir el insomnio, aminorar estados de ansiedad, disminuir dolores intensos de cabeza como son las migrañas.;infusión;Tomar 1 vaso cada noche;Magnoliophyta.;magnoliophyta;Lamiales.;Verbenaceae.;verbena;Verbena officinalis.;plantas/verbena.jpg
66;Achira;Achira, achera, sagú, capacho, biri, cucuyús, juquián, chisgua, risgua;Canna indica;Plantae;Crece muy bien en suelos livianos de textura franca o franco-limosa.;Es de origen sudamericano y los arqueólogos han encontrado que se cultivaba en Perú hace 4.500 años.;Se usa para : 1. La mastitis, 2. Para la tos seca, 3. Para las infecciones de la piel, 4. Para aliviar los dolores de cabeza, 5. Contra el reumatismo, 6. Para las llagas en la piel, 7. Como diurético y antigonorreico.;1. Se envuelve un tallo rígido con hojas de plátano, se calienta al fuego, aun estando tibio el jugo se presiona en el área afectada. 2. Se toma una cucharadita de tallos frescos de jugo. 3. Se coloca hojas cocidas en la parte afectada. 4. Se coloca las hojas exprimidas en la cabeza. 5. Se cocina las hojas de achira y se coloca en el área afectada el vapor generado. 6. Se hierve las hojas y se usa el líquido para lavar el área afectada. 7. Se debe beber la descomposición de las hojas y la raíz de achira.;Se debe dar en una ves al dia (especialemente en la noche) hasta que se vaya mejorando.;Angiospermae;Liliopsida;Zingiberales;Cannaceae;Canna;C. indica;plantas/achira.jpg
70;Guarmipoleo;Guarmipoleo, Warmi Poleo, menta poleo, poleo manchado, poleomenta.;Metha Pulegium.;Plantae;Crece bien en sitios húmedos.;Originaria de la cuenca del mar Mediterráneo y Asia occidental.;Puede aliviar enfermedades estomacales, bronquitis y el llamado “pasmo”, también nivel respiratorio, ya que, posee propiedades antigripales y por su alto contenido en mentol, actúa como descongestionante de las vías respiratorias, aliviando el dolor de garganta y afonías.;Se realiza una Infusión para lo cual se debe: 1.Hervir 200 ml de agua (una taza) y colocar 1 cucharadita de hojas secas de esta hierba. 2.Añadir el agua hirviendo a la taza con la menta, tapar y dejar reposar entre 3 y 6 minutos. 3.Finalmente colar, endulzar de acuerdo a tu preferencia y disfrutar de esta benévola planta.;La dosis correcta que se debe adquirir es de máximo una taza de agua de este. Se debe extraer la infusión.;Magnoliophyta.;Magnoliopsida;Lamiales.;Lamiaceae.;Mentha;Mentha pulegium.;plantas/guarmipoleo.jpg
53;Aspirina;Aspirina, altarcina, altareina, altarreina, la reina de los prados.;Filipendula ulmaria.;Plantae;Habita en lugares muy húmedos, pantanos, prados higroturbosos.;Originaria de Europa.;Antiinflamatorio: Los derivados salicilatos que contiene inhiben la síntesis de prostaglandinas por inactivación irreversible de la COX-1. El efecto antiinflamatorio se manifiesta principalmente en las fases iniciales de la inflamación. Analgésico: Los derivados salicilatos producen analgesia al actuar a nivel central sobre el hipotálamo y a nivel periférico bloqueando la generación de impulsos dolorosos, mediante el bloqueo de la síntesis de prostaglandinas mediada por la inhibición de la ciclooxigenasa. Las propiedades medicinales del ácido salicílico (principalmente para alivio a la fiebre).;"1. Infusión. añadir 2 gr. de la flor desecada a un vaso de agua recién hervida, dejar diez minutos en reposo, removiéndolo esporádicamente. 2. En polvo: se pueden tomar cinco gramos de la planta seca.  3. Decocción de uso externo :se añaden 25 gr. a un litro de agua que se deja hervir durante 15 minutos; el líquido obtenido, todavía caliente.";1. Bébase de 3 a 4 tazas distribuidas en el día preferiblemente después de las comidas. 2.Tomar tomas a lo largo del día. 3. Se emplea para realizar baños locales en afecciones reumáticas.;Magnolophyta;Magnoliopsida;Rosales.;Rosaceae;Filipendula;F. ulmaria;plantas/aspirina.jpg
24;Canchalagua;Canclalagua, Cochanlahuen.;Centaurium erythraea.;Plantae;Matorral, potreros, cultivos.;Es originaria de la zona del Mediterráne.;Estimúlate del Sistema digestivo, digestiones difíciles, estimulante de apetito, se usa en enfermedades febriles, fatiga, falta de ánimo.;Para la preparación de la infusión se necesita 15 gr de hojas o tallos para 1 litro de agua, se hierve por 5 minutos, se debe beber cuando ya este fria.;Beber de 1-3 tazas día, por 3 días. Se puede volver a repetir el tratamiento 15 días después.;Magnoliophyta.;Magnoliopsida.;Gentianales;Gentianaceae;Centaurium;C. erythraea;plantas/canchalagua.jpg
16;Granadilla;Granadilla, granada, granadita, Pachío, parchita.;Passiflora ligularis.;Plantae;Se extiende por toda la América Central y Sudamérica occidental, Colombia, Venezuela, Ecuador, Bolivia, Perú.;Originaria de Norteamerica y de los Andes.;Propiedades digestivas y diuréticas. efectos antiespasmódicos. favorece el sueño y para la depresión.;Para preparar se debe terner: Agua de avena (esto podemos hacerlo vertiendo un poco de avena en agua, dejando que esta bote un color blancuzco, no debe agregarsele nada más), media taza de zumo de fresas y la pulpa de la granadilla (con todo y semillas). En una licuadora colocaremos el agua de avena junto con la pulpa de la granadilla, procedemos a licuar, mientras se le agregara el zumo de fresas. Se le puede agregar un poco de azúcar sin exagerar.;Tomar tres veces al día, como jugó, bien sean antes o después de cada comida.;Magnoliophyta;Magnoliopsida;Violales.;Passifloraceae.;Passiflora;Passiflora ligularis;plantas/granadilla.jpg
89;Uva;Uva, la vid, parra, parra de uvas, parra silvestre.;Vitis vinifera.;Plantae;Esta especie pertenece a zonas templadas e intertropicales.;Proviene del continente Europeo.;"De la vid, es extraordinaria: la uva es uno de los frutos más apreciados, nutritivos y rico en vitamina C, secas constituyen las pasas o sultanas, muy nutritivas y utilizadas en medicina popular como expectorantes; las uvas inmaduras se consideran refrescantes; de los sarmientos mana en primavera el agua de cepa, que se considera diurética; los pámpanos y brotes tiernos son ricos en taninos y antocianas, empleados como astringente contra las diarreas, hemorragias nasales (en forma de polvo), las uvas maduras tienen también propiedades laxantes —lo mismo que el mosto— y son ricas en ácidos orgánicos y azúcares.";Comer las uvas lavándolas.;si es posible tres días a la semana comerse una buena porción de uvas.;Magnoliophyta.;Magnoliopsida;Rhamnales.;Vitaceae.;Vitis;Vitis vinifera;plantas/uva.jpg
7;Penco;Penco, cabuya o chaguar (nombre quichua), Chaguar Quero, penco negro.;Agave americano.;Plantae;En América (especialemente en México donde se ecuentran mucha variedad ) y Europa.;Región árida entre el norte de México y el sur de los Estados Unidos.;Auxiliar en el tratamiento de colitis y gastritis. Efecto prebiótico, es decir aumenta la flora bacteriana benéfica intestinal. Rica en fibra soluble, como se menciona anteriormente, es útil para combatir el estreñimiento. Si sufre de colesterol y triglicéridos altos, agrega inulina de agave a tu dieta. Útil en personas con diabetes debido a que ayuda a regular el azúcar en la sangre.;Se puede tomar disuelta en un vaso con agua, agregarla a licuados, gelatinas, jugos, yogurt, leche, diluirla en una botella con agua y beberla en el transcurso;La dosis recomendada de inulina de agave son 8 gramos al día, aproximadamente una cuchara cafetera.;Magnoliophyta;Liliopsida;Liliales.;Agavaceae.;Agave;Agave americana var. americana.;plantas/penco.jpg
6;Aguacate;Aguacate, palta, cura, avocado o abacate.;Persea americana.;Plantae;Actualmente, la especie se cultiva en lugares con climas tropical y mediterráneo en todo el mundo.;Mesoamérica, México y Guatemala, y Sudamérica, específicamente Ecuador, Perú y Bolivia.;Generalmente, el aguacate mantiene el corazón sano, reduce los niveles de colesterol, controla la presión arterial, contiene propiedades antiinflamatorias, regula los niveles de azúcar en la sangre, previene defectos de nacimiento, reduce el riesgo de accidentes cerebrovasculares, protege contra el cáncer, es un buen método antienvejecimiento, quita el mal aliento limpiando el intestino, aumenta la absorción de nutrientes, cuida de la piel y ayuda a engordar. Fortalecer los dientes y curar las encías que sangran se mastican las hojas y se frotan con éstas las encías.;Para la diarrea se pica muy fina la mitad de la semilla mediana y se echa en una taza de agua hervida, se cubre un momento y se toma caliente. A los niños se les da una cuarta parte de la semilla. Fortifica el corazón y disminuye las fuertes palpitaciones. Comerlo con azúcar aumenta la virilidad, y en infusión 3 hojas por taza de agua.;Tomado a diario en infusión una cuarta parte de la semilla por taza de agua.;Magnoliopsida;Magnoliophyta;Laureles.;Lauraceae.;Persea;Persea americana;plantas/aguacate.jpg
2;Escancel;Escancel, aadaanpaaki, gondang kasih, gorakshaganjaa, kapok.;Iresine celosioides.;Plantae;En los campos se lugares donde el terreno sea húmedo.;Ecuador, Bhutan, China, Laos, Thailand, Taiwan, Ost Timor, Indien,Vietnam;Especialmente las enfermedades de los [pulmones], resfriados, catarro, anginas, dolor de pecho, y la neumonía son algunas de las aplicaciones de Escancel.;Una infusión de las hojas puede tomar 4-5 minutos.;1 vez al día;Magnoliophyta;Magnoliopsida;Caryophyllales;Amaranthaceae;Aerva;Caryophyllidae;plantas/escancel.jpg
5;Hierba de Infante;Hierba de infane, allqupachaquin, pie de perro, manayupa​, carrapicho.;Desmodium molliculum.;Plantae;Pastizales, cultivos en las provincias de Azuay, Bolívar, Cañar, Loja y Pichincha.;Originaria de Centroamérica y Sudamérica.;Se usa para regular el sangrado excesivo de las menstruaciones, para tratar los granos (pápula), inflamaciones y dolor del vientre. Trata la gastritis aguda y crónica, calma los retortijones intestinales previene y favorece la expulsión de gases en estomago e intestinos aumenta y estimula la expulsión de bilis desde la vesícula biliar aumenta la secreción de leche materna, También para el ardor, pus y dolor en la herida infectada.;Las hojas se preparan en infusión (50 g/l de agua) para aliviar los sangrados. Para los granos y el dolor del vientre se cocina las hojas y tallos (100 g/l de agua) y se da baños en las partes afectadas.  Recoger una porción de hierba de infante y hervir en un galón de agua por 5 o 10 minutos para servirse. Para colocar en las heridas se tiene que tostar las hojas de la hierba infante, luego molerlas y colocar el polvo en las heridas infectadas.;Servirse la bebida cada hora y ponerse el polvo 2 veces por día en la herida infectada, luego de lavar la herida con agua de hierba de infante.;Tracheophyta;Magnoliopsida;Fabales;Fabaceae (Leguminosae).;Desmodium;Desmodium molliculum;plantas/hierba_infante.jpg
55;Achicoria;Achicoria, achicoria amarga (en Bolivia o philliyuyu en quechua).;Cichorium intybus;Plantae;Se ha naturalizado en varias regiones de América, África, Asia y Oceanía.;Originariamente del Viejo Mundo (Europa especialmente  Francia, Bélgica, Alemania y España).;Consumida de manera regular fresca en ensaladas, es beneficiosa para mantener sanos el hígado y el sistema nervioso. Propiedades antioxidantes. La achicoria te mantiene joven y activo por dentro y por fuera. También fortalece el sistema inmune haciéndote más fuerte contra enfermedades y virus. Suplemento de vitaminas y minerales. Tiene un alto contenido en calcio, hierro, potasio, magnesio y fósforo. Y vitaminas que estimulan la producción de glóbulos rojos.;La infusión se prepara a partir de 30 g por litro de agua de raíz desecada y machacada.;Se toman de 2 a 3 tazas diarias (antes de las comidas, si es para abrir el apetito, o después si se toma para facilitar la digestión).;Magnoliophyta;Magnoliopsida;Asterales;Asteraceae;Cichorium;Cichorium intybus;plantas/achicoria.jpg
1;Ataco;ataco, yuyocolorado, sango rache, Sangorache.;Amaranthus caudatus.;Plantae;En los campos y en lugares húmedos;Es endémica de Bolivia, Brasil, Argentina, Ecuador, Paraguay, Perú, Uruguay;Sirve como fuente importante de vitamina A, su infusión es útil para combatir la diarrea, la disentería, hemorragias intestinales y la menstruación excesiva. Se emplea también en compresas para aliviar las ulceraciones de la piel. En forma de gárgaras, se usa para combatir las irritaciones de la garganta.De la planta de amaranto se pueden obtener productos derivados de los cuales el más importante es el grano de amaranto, que al ser reventado provee de un cereal para elaborar productos terminados como las alegrías, mazapanes, cereal reventado, granolas y harinas de amaranto. Para cortar las hemorragias, incluso cuando nos retiran una pieza dental se recomienda el uso de esta planta para calmar las molestias en las encías.;Se prepara vertiendo 1 taza de agua hirviendo en una taza que contenga 1 cucharadita de hojas trituradas. Esa misma infusión se puede aplicar en forma de compresas frías en caso de úlceras de la piel. La infusión también se utiliza para hacer enjuagues bucales o gárgaras. Endulce la infusión de ataco con 3 cucharadas de azúcar, agregue el jugo de limón y luego el aguardiente de caña.;Beber de 1 a 2 tazas de infusión fría al día;Magnoliophyta;Magnoliopsida;Caryophyllales;Amaranthaceae;Amaranthus;Amaranthus quitensis;plantas/ataco.jpg
21;Aloe;Aloe, aloe vera, sábila o acíbar, áloe de Barbados o áloe de Curazao.;Aloe barbadensis o Aloe.;Plantae;Regiones subtropicales y templadas de ambos hemisferios, incluido el Mediterráneo.;Es nativo de las regiones secas de Arabia,  África, Madagascar y Oriente Próximo.;Para aliviar los problemas de colon, para combatir el acné, para quemaduras y cicatrizar heridas, para cuidar la piel.;Utilizarla en las bebidas. Una vez que abres las cortezas y extraes la sábila o aloe vera puedes refrigerarla y consumirla después en tus batidos, con leche o mezclada con agua. Puedes utilizarla también para tratamiento de enfermedades respiratorias mezclando al aloe vera con un poco de piel y una copa pequeña de un licor fuete como el coñac, whiskey o tequila.;En quemaduras: Aplicar este gel cada 48 horas hasta que la herida se cure totalmente. Como bebida: Tomar como agua común 300-500 ml al día repartido en 2-3 dosis.;Magnoliophyta;Liliopsida;Liliales.;Liliceae.;Aloe;Aloe Vera;plantas/aloe_vera.jpg
77;Albahaca;Albahaca, albacar corriente, albacar hembra, albacar macho albahaca.;Ocimum basilicum.;Plantae;En climas cálidos, ya que no sobrevive a las heladas.;Nativa de Irán, India, Pakistán y otras regiones tropicales de Asia.;Reduce el malestar estomacal y los vómitos, mejora las afecciones de las vías respiratorias, repele los mosquitos, activa el sistema inmunológico, reduce la ansiedad, estimula la producción de leche materna, combate el envejecimiento prematuro, mejora la salud de las arterias.  Si se trata de aliviar la indigestión y la acidez, para las úlceras en la boca y el mal aliento.;Como una infusión que se puede ingerir o simplemente para hacer gárgaras.;Para las gárgaras: se preparan 100 gramos de hojas en un litro de agua. Para ingerir: una taza después de comer.;Magnoliophyta.;Magnoliopsida;Lamiales.;Lamiaceae.;Ocimum;Ocimum basilicumL.;plantas/albahaca.jpg
8;Perejil;Perejil, peregil, prejil, peregrino.;Petroselinum crispum;Plantae;Huertos, jardines de toda Europa y en parte de Asia y zonas templadas de América.;Es originario de la isla de Cerdeña desde donde se extiende a todos los países del Mediterráneo.;Actúa como colirio ocular, anestésico, protege las paredes capilares, relajante, galactófago (detiene el exceso de producción de leche en las mujeres lactantes), aromático, favorecer la digestión, eliminación de líquidos corporales, el tratamiento de cálculos y piedras en el riñón, favorecer la menstruación.;Para pecas y arrugas consecuencias de afecciones del hígado y de los riñones  se usa la hoja fresca, 30 gr., bien machacada y se agrega una cucharada de agua, exprimir con una tela fina y aplicar en la parte afectada, es decir en la cara. En Bronquitis, Asma y otras afecciones se hierve 50 gr. en un litro de agua, durante 15 minutos.;tomar una taza en ayunas, y otra al acostarse, bien caliente.;Magnoliophyta;Magnolio;Apiales;Apiaceae;Petroselinum;Herbácea;plantas/perejil.jpg
39;Borraja;Borraja, aborraja, alcohelo, argabazo, borracha, lengua de buey.;Borago officinalis.;Plantae;Naturalizada en la región mediterránea, Asia Menor, zonas cálidas de Europa Occidental, África del Norte y Suramérica.;originaria de Líbano, Siria y Egipto.;Menopausia, infecciones respiratorias y urinarias.;Se le hace hervir con agua y se toma.;Una vez al día.;Magnoliophyta;Magnoliopsida;Violales.;Boraginaceae.;Borago;B. officinalis;plantas/borraja.jpg
68;Ajenjo;Ajenjo, absenta, absintio, ajenjo común, ajenjo mayor, hierba santa.;Artemisia absinthium;Plantae;Es posible encontrarla en casi todo el mundo debido a la poca dificultad de su cultivo.;Nativa de las regiones templadas de Europa, Asia y norte de África.;El ajenjo es conocido por mejorar el rendimiento y la salud del sistema digestivo. Gracias a sus componentes como la absintina y la anabsintina, se puede mejorar notablemente la digestión al estimular el sistema digestivo. Es perfecto para el tratamiento de afecciones como la indigestión, gases y la eliminación de parásitos intestinales. Antiguamente era utilizado como insecticida contra la polilla, que ataca a la ropa. Es una de las principales plantas en la elaboración del célebre licor de ajenjo o absenta y del vermú (el nombre de esta bebida proviene del nombre que recibe la planta en alemán, Wermutkraut).;Infusión. Se prepara con 7 gr de la sumidad florida de la planta, mezclado con un litro de agua hervida, dejándolo reposar durante 15 minutos. Tintura: Se pueden añadir 15 gotas a una infusión de menta o anís.;Se recomienda beber una o dos tazas al día como máximo, antes o luego de comer. Polvo. La dosis máxima es de 3 gramos / día. Tintura: Tomar 3 veces / día fuera de las comidas.;Magnoliophyta.;Magnoliopsida;Asterales.;Asteraceae;Artemisia;A. absinthium;plantas/ajenjo.jpg
19;Hierba piojera;Hierba piojera, cipresilla, hierba lombriguera, boja, guardarropa.;Santolina chamaecyparissus;Plantae;Se cría en collados y laderas arcillosas o pedregosas.;Originaria del sur de Europa, encontrándose también en el norte de África y en Norteamérica.;Analgésico y anti neurálgico,  para calmar el dolor de muelas. Antibacteriano y Anti Ulcerosa utilizado para combatir las Aftas o “llagas”bucales, mezclando la tintura madre de la planta con vinagre. Ayuda a limpiar y cicatrizar rápidamente las úlceras o lesiones en la boca. Se utiliza para evitar las polillas poniéndolo dentro de los cajones de ropa. Es usado para combatir la sarna y los piojos y de ahí la denominación de hierba piojera o matapiojos.;Para preparar se debe colocar las hojas de la planta y las semilla en agua, hacerla hervir y dejarla reposar por unos minutos.;Hacer varias “buches”del peparado.;Magnoliophyta;Magnoliopsida;Asterales;Asteraceae;Santolina;Santolina chamaecyparissus;plantas/hierba_piojera.jpg
31;Llanten;Llanten, Llantén, cañamón, cinco venas, hierba de las siete venas.;Plantago major.;Plantae;Vive en todas las Antillas Mayores y Menores, Estados Unidos, las Bermudas, América Central y en Sudamérica.;En toda Europa y en el norte de África, así como en Asia Occidental.;Acelera la recuperación en el caso de catarros y gripes, se usa en casos de cistitis, mejora el funcionamiento de las vías respiratorias, combate el reumatismo, alivia el dolor de garganta, la tos y la afonía (gárgaras), reduce las hemorroides, por su efecto saciante es recomendada a personas que hacen dieta para adelgazar, detiene la diarrea, se usa en enjuagues bucales para mejorar la salud de las encías y curar llagas y heridas, alivia las picaduras de insectos, combate el herpes zoster, es muy útil en caso de rinitis, depura las sangre, está indicado en trastornos de riñones y vejiga, remedio natural para aliviar las dolencias intestinales como la inflamación.;1. Jugo: El jugo se extrae machacando varias hojas frescas y triturándolas. Luego se les hace pasar por un cedazo o paño limpio. Esto se utiliza para curar heridas y para el dolor de oídos. 2Infusión: Se prepara agregando agua hervida a una hoja grande o tres pequeñas. Se deja reposar y se endulza con Miel. Deben beberse caliente dos o tres tazas por día. Se utiliza para los resfríados. 3. Cocimiento: Hacer hervir un puñado de hojas secas en dos tazas de agua, durante 15 minutos. Colar y usar para el lavado de heridas y en gargaras. También es útil para resfríos y para curar heridas. 4. Lavados: Con el agua de una Infusión o de un cocimiento se humedece un paño o algodón y se limpia la herida. Esta fórmula es usada para curar heridas y tratar Conjuntivitis 5. Apósito de hojas: Se lavan previamente las hojas y se escaldan en agua hirviendo durante un minuto, para desinfectarlas. Para colocarlas sobre las úlceras y heridas no deben manipularse con los dedos, sino con pinzas estériles.;1, 2, 3 4 se recomienda usarla hasta que se cure. 5. Estas hojas se fijan mediante un vendaje, y hay que cambiarlas 2 ó 3 veces cada día.;Magnoliophyta;Magnoliopsida;Plantaginales.;Plantaginaceae.;Plantago;Plantago major;plantas/llanten.jpg
32;Tilo;Tilo, tilo de hoja ancha,​ tilo común o tilo de hoja grande.;Tilia platyphyllos;Plantae;Especie bastante exigente en humedad, puede habitar en suelos calizos o silíceos.;Extendido por gran parte de Europa, especialmente por el centro y sur, que alcanza hasta el oeste de Asia.;Diaforético sistema inmunitario, relajante y somnífero, ayuda a quienes padecen nerviosismo, antiespasmódico: ayuda a músculos que se estén contrayendo de forma desordenada, antiinflamatorio: tiene la cualidad de desinflamar músculos u órganos inflamados, por lo que disminuye el dolor de esa condición, diurético: ayuda a eliminar líquidos sobrantes del organismo, vasodilatador e hipotensor: ayuda a relajar los vasos sanguíneos y a disminuir la presión de la sangre. Utilizado contra la ansiedad, el insomnio, resfriados, síndromes gripales, tos irritante, asma, indigestiones, migrañas por disfunción hepatobiliar, espasmos gastrointestinales, gastritis.;En forma de infusión. Una cucharada de tilo es suficiente por taza. Dejándola hervir 4 minutos y en reposo durante 20 es suficiente para hacerte un té de tilo natural. Las bolsitas o en su defecto la tila en hierba debería de ser de unos 3 gr de inflorescencias por taza agua hervida, dejándolo diez minutos.;1 taza después de las comidas y 1 antes de acostarse, se pueden tomar hasta un litro diario. La tila también se puede añadir al agua de baño.;Magnoliophyta;Magnoliopsida;Malvales;Malvaceae;Tilia;Tilia platyphyllos;plantas/tilo.jpg
33;Margarita;Margarita, chiribita, margarita común, pascueta o vellorita.;Bellis perennis;Plantae;Introducida en el resto del mundo.;Nativa de Europa y Norte de África hasta Asia Central;Sirve para los resfríos y gripe, también para un tracto respiratorio, sirve para el dolor articular y reumático, para cicatrizar las heridas, frenar hemorragias y herida a la piel, sirve para un remedio homeopático.;Para preparar se debe mesclar: 3g de flores secas, 20ml de agua, hacer hervir y dejarla reposar 10 minutos.;Servir hasta tres tazas al día.;Magnoliophyta;Magnoliopsida;Asterales;Asteraceae;Bellis;B. perennis;plantas/margarita.jpg
34;Clavel;Clavel, Minutisa, Clavel del Japón, macetilla, manutisa.;Dianthus caryophyllus;Plantae;Es cultivada prácticamente por todo el planeta.;Originaria de la zona mediterránea, aunque también conocida en la península ibérica.;"1. Enfermedades del corazón y la arteriosclerosis. 2 como remedio eficaz para la neumonía y bronconeumonía.  3. Contra la anemia y el raquitismo, particularmente de niños y mujeres embarazadas,  
4. Para melancolía y flatos. 5. Los baños con el cocimiento de esta planta es un buen remedio contra la hinchazón de los pies que sufren las mujeres embarazadas.";1. La infusión de los pétalos (de una flor pequeña o la mitad de los que tiene una flor grande, para un jarro de agua hirviendo). Esta infusión, endulzada con miel de abejas o chancaca se usa contra los malestares del pecho, angina y tos. 2.  El cocimiento de los pétalos de medio Clavel, cinco florecitas de Kiswara para un jarro de agua. 3. Se recomienda el jarabe que se prepara con las flores de esta planta, hinojo y miel de abejas o chancaca. 4. La noche anterior se macera los pétalos en agua.;1. Tomar hasta que se alivie  2. Se recomienda tomar durante varios días. 3. Tomar hasta que se alivie. 4. Beber por la mañana.;Magnoliophyta;Magnoliopsida;Caryophyllales;Caryophyllaceae;Dianthus;D. caryophyllus;plantas/clavel.jpg
40;Papa;Papa, papa del Perú, patata, patatera, patato, papa americana.;Solanum tuberosum.;Plantae;Se cultiva en todas las regiones del mundo.;Originaria de la región que hoy comprendería al altiplano sur del Perú y al noroeste de Bolivia.;1. Para problemas estomacales, 2. Para problemas intestinales, 3.	Para la acidez estomacal, 4.Para la gastritis, 5. Para males del hígado, 6. Como cicatrizante, 7.Para golpes.;1. Pelar varias papas y machacarlas, filtrar el zumo con un cernidor. 2. Lavar una papa grande y cortar en trozos, colocar en una taza de agua una pizca de sal y dejar reposar durante una noche, cernir y beber el agua. 3. Lavar 4 papas grandes, rallarlas con cáscara y exprimirlas a través de un lienzo para obtener su jugo. 4. Pelar una papa y rallarla, exprimir la papa rallada en un paño limpio o presionarla en un cernidor fino. 5. Pelar una papa grande y hervir la cáscara en una taza de agua, cernir y beber la infusión, o pelarla y machacarla, filtrar el jugo con un cernidor. 6. Rallar 2-3 patatas crudas y mezclar con leche, envolver el preparado en un paño limpio y aplicarlo sobre la piel, en aquellas zonas inflamadas o con heridas. 7. Lavar bien 1-2 papas, aplastarlas hasta formar una pasta y colocarla en los chichones, o aplicar las rodajas de papa pelada sobre la zona afectada.;1,5. Tomar media taza un par de veces al día. 2. Tomar todas las mañanas en ayunas, durante varias semanas. 3. Beber dosis de 100 gramos, 3 veces antes de las comidas. Se sugiere preparar fresco, poco antes de tomar. 4. Beber el jugo puro de papa extraído en ayunas.;Magnoliophyta;Magnoliopsida;Solanales.;Solanaceae.;Solanum;Solanum tuberosum;plantas/papa.jpg
49;Rabano;Rabano, rábano blanco, rábano japonés o daikon.;Raphanus sativus;Plantae;Introducido y cultivado en casi todo el mundo.;Originaria de Eurasia y o del Mediterráneo oriental.;Combate las enfermedades cardiovasculares: el rábano es alto en potasio, el cual incide saludablemente en la regularización de la presión arterial, uno de los principales factores de riesgo de las enfermedades cardiovasculares. También cuenta con un tipo de flavonoide que tiene propiedades antinflamatorias, lo que ayuda a la correcta circulación sanguínea. Actúa para limpiar los riñones, la vejiga, la próstata, los testículos y la vía digestiva, eliminando virus, toxinas y otros agentes causantes de enfermedades. Además, los rábanos desintoxican el hígado y la vesícula biliar, lo que ayuda a liberar las enzimas que los defienden de varios tipos de infecciones.;Es consumida en todo el mundo, frecuentemente crudo en ensaladas. Proporciona interesantes nutrientes al organismo. Por lo general los rábanos se comen crudos, laminados o rallados, aunque también pueden formar parte de cremas o sopas. Las hojas del rábano se pueden emplear para hacer cremas o en ensaladas, purés, sopas, guisos, etc.;Beber 1 vaso de jugo al día.;Magnoliophyta;Magnoliopsida;Capparales.;Brassicaceae (Cruciferae).;Raphanus;R. sativus;plantas/rabano.jpg
51;Poleo;Poleo, poleo blanco, muña o poleo de Quito, muña.;Minthostachys mollis.;Plantae;Crece entre los 2.700 y los 3.400 m s.n.m. y es muy difundido en las regiones andinas.;Originaria de Argentina, Bolivia, Colombia, Ecuador, Perú y Venezuela.;Debido a sus propiedades beneficiosas para el aparato digestivo, se utiliza para eliminar los gases, para las digestiones pesadas y para las indigestiones. También es útil para los problemas del hígado, para algunas afecciones de la piel y para ahuyentar insectos en general.;Para preparar una infusión de poleo, necesitas tres cucharadas de la planta de poleo seca y una taza de agua. Pon a hervir en un cazo una taza de agua, y cuando rompa a hervir, añade la planta dejándola en el fuego durante unos 3 minutos antes de apagar el fuego. Tapa la infusión y deja reposar 5 minutos antes de colar para separar los restos de la planta del líquido resultante. Puedes tomar el líquido resultante al que le puedes añadir una cucharada de miel o de azúcar para endulzar, si lo deseas.;Tomar de 2 o 3 tazas al día, antes, durante, o después de las comidas.;Magnoliophyta;Magnoliopsida;Lamiales;Lamiaceae.;Mentha;Minthostachys mollis.;plantas/poleo.jpg
60;Santa Maria;Santa Maria, hierba de Santa María, balsamita y Menta coca.;Tanacetum parthenium;Plantae;En lugares baldíos, setos y lugares rocosos.;En Albania, Bulgaria, Grecia y antigua Yugoslavia.;Se usa para reducir la fiebre, tratar el dolor de cabeza, artritis, problemas digestivos. Para el dolor de cabeza, fiebres tomar baños fríos con la infusión de hojas de santa maría, problemas en la menstruación, ulceras cancerosas, Vómitos;Dolor de Cabeza: Hacer reposar 20 gr de hojas de santa maría en ½ litro de agua tibia, agregar el jugo de 2 limones y dejar reposar por 30 minutos, realizar baños con este preparado mojando bien la cabeza. Dolor y Fiebres: Tomar baños fríos con la infusión de hojas de santa maría. Lombrices intestinales: La infusión de una ramita en un jarro de agua bien caliente. Problemas en la menstruación: La infusión de una ramita más chica (del tamaño del dedo chico), en un jarro de agua hirviendo, es un excelente tónico, se usa contra las indigestiones o empacho y para corregir.  Vómitos: Decocción de 15 Gr. de raíz de santa maría en un litro de agua.;Lombrices intestinales: beber 1 vaso 2 veces al dia. Vomitos: Tomar una taza antes de las comidas.;Magnoliophyta.;Magnoliopsida.;Asterales;Asteraceae;tanacelum;Tanacetum parthenium (L.);plantas/santa_maria.jpg
73;Pelito de Choclo;Pelito de Choclo;Zea mays;Plantae;En temperatura entre los 15 a 20ºC.;Originaria y domesticada por los pueblos indígenas en el centro de México.;Gracias a sus propiedades antiinflamatorias, la infusión de pelo de choclo es muy beneficiosa para aliviar desde cefaleas a dolores articulares y mejorar las condiciones de los resfriados y gripes. Regula la presión arterial alta, es congestionante, ayuda a desintoxicar el cuerpo, regula el azúcar en la calle.;Hervir un litro de agua, cuando haya llegado a la ebullición debemos reducir el fuego y procederemos a añadir el pelo del choclo, lo dejamos por 2 minutos, apagamos el fuego y lo dejamos que repose. Finalmente consumirlo con una porción moderara de azúcar.;Tomar de entre 3 a 4 tazas al día.;Magnoliophyta.;Liliopsida;Poales.;Poaceae;Zea;Zea mays;plantas/pelito_de_choclo.jpg
3;Diente de Leon;Diente de león, amargón, radicha, radicheta, panadero, peeta.;Taraxacum officinale;Plantae;En la actualidad se ha extendido prácticamente por todos los continentes.;Hay indicios serios sobre una procedencia europea.;Se consumen en ensalada y se le han atribuido numerosas propiedades medicinales como: purificar el organismo de elementos tóxicos. Puede actuar en el hígado, riñón y la vesícula biliar, y con su efecto diurético evita la aparición de piedras en el riñón. También es un tónico digestivo contra el estreñimiento y la resaca de alcohol. Para uso tópico es eficaz para limpiar la impurezas de la piel, acné, urticaria.;"Cuando tengas la planta, selecciona solamente las hojas y la raíz, deja de lado las flores, ya que éstas le pueden dar un gusto demasiado amargo a la infusión. Lava muy bien las partes escogidas para limpiarlas de tierra y desechos.
Las hojas para tu infusión pueden ser frescas: recién recogidas y lavadas; o secas: recogidas masivamente y deshidratadas al sol. Es importante que no guardes las hojas frescas por mucho tiempo, ya que éstas pueden dañarse. Si quieres tener una buena reserva, lo mejor es que las deshidrates.
Como cualquier hierba aromática, el diente de león infusionará en agua muy caliente o hirviendo. Sólo debes añadir un pequeño puñado de hojas a una taza de agua y dejar infusionar por cinco minutos. Te recomendamos que tomes el agua caliente.";1 vez al día.;Magnoliopsida;Magnoliophyta;Astrales;Lauraceae;Taraxacum;Taraxacum officinale;plantas/diente_de_leon.jpg
78;Floripondio;Floripondio, guanto, burundanga, chila blanca.;Brugmansia.;Plantae;Se encuentra naturalizada o cultivada en todo el mundo.;Nativa de América del Sur crece de manera silvestre también en América central.;Como sedante para dormir, se utilizan sus flores, una sola flor para una botella de agua hirviendo. Se debe tener mucho cuidado en usar más cantidad porque es muy tóxico y podría resultar peligroso. Sirven estas gotas como calmantes de los dolores del estómago y de la vesícula.;Se pueden usar también maceradas en una taza de alcohol 4 flores de floripondio metidas en una botella por una semana y tomar en gotas, 15 gotas mezcladas en media taza de agua tibia para dormir.;15 gotas mezcladas en media taza de agua tibia para dormir.;Magnoliophyta.;Dicotyledons;Solanales.;Solanaceae.;Brugmansia;Arbustiva;plantas/floripondio.jpg
79;Manzana;Manzana, Lodi, McIntosh, Newtown/Pippin, Old Apple.;Malus domestica.;Plantae;Adaptada en Estados Unidos y se extendió por todo el territorio Americano (centro y sur).;Provienen de los bosques Tian Shan, una zona límite entre China, Kazajistán y Kirguistán.;Favorece la eliminación de líquidos corporales, siendo muy adecuada en casos de obesidad, enfermedades reumáticas. Por su contenido en cistina y arginina, así como el ácido málico, resulta muy adecuada para eliminar las toxinas que se almacenan en el cuerpo y que, además de combatir o impedir las enfermedades anteriormente citadas, son muy adecuadas en afecciones como ácido úrico, gota, y el tratamiento de enfermedades relacionadas con los riñones, como los cálculos o la insuficiencia renal.;Cruda y con cascara, en jugo, batidos con otras frutas, al horno, en una ensalada y como postres.;No tiene restricción.;Magnoliophyta.;magnoliopsida;Rosales.;Rosaceae.;Malus;Malus domestica;plantas/manzana.jpg
86;Yacon;Yacon, chicama, yacón.;Smallanthus sonchifolius.;Plantae;zonas cálidas y templadas de la Cordillera de los Andes;Se produce en estado silvestre en Colombia, Ecuador y Perú;Las raíces comestibles contienen inulina, un azúcar no digerible, lo que significa que aunque tienen un sabor dulce, estas azúcares no son asimiladas al metabolismo humano. Es por esto que las raíces pueden ser consumidas y utilizadas para el tratamiento del colesterol y la diabetes y se utiliza cada vez más como prebiótico y edulcorante.;El Yacón puede consumirse como fruta cruda o en forma de jugo, siempre en forma natural.;El Yacón puede consumirse como fruta cruda o en forma de jugo, siempre en forma natural.;Magnoliophyta.;Magnoliopsida;Asterales;Asteraceae;Smallanthus;S. sonchifolius;plantas/yacon.jpg
93;Tomillo;Tomillo, tomillo alcanforado, tomillo ansero, tomillo blanco.;Thymus vulgaris;Plantae;Se encuentra en laderas soleadas de suelo calcáreo.;Originaria de Europa central y meridional.;El tomillo tiene componentes muy interesantes entre los que destacamos el aceite esencial con fenoles como timol y carvacol, flavonoides y terpenoides. Estos componentes le confieren al tomillo de propiedades antibacteriana, hipotensiva, antivírica, expectorante, antiinflamatoria, antiséptica, digestiva, mucolítica, antioxidante, carminativa, antifúngica, analgésica, demulcente, antitóxica y diurética.;Basta una cucharada sopera rasa de la planta por cada taza de agua. Se hierve de 1 a 3 minutos, se deja reposar y se filtra;Con unos algodones o gasas, aplícala dando golpecitos sobre la zona donde tengas acné. El tomillo ayuda a eliminar las espinillas y los granos y a limpiar la piel. Hazlo una vez al día.;Magnoliophyta.;Magnoliopsida;Lámiales.;Lamiaceae;Thymus;Thymus vulgaris;plantas/tomillo.jpg
98;Tomate de arbol;Tomate de árbol, tomate andino, mango nórdico, tomate serrano.;Solanum betaceum.;Plantae;Crece en climas propios del bosque húmedo montañoso con temperaturas que se encuentran entre los 13 y 24 °C;Originario de Perú, Colombia, Ecuador, Bolivia, Argentina y Venezuela.;Los usos medicinales que se le atribuyen en Colombia y Ecuador están relacionados con las afecciones de garganta y gripe. El fruto o las hojas, previamente calentadas, se aplican durante la inflamación de amígdalas o anginas.;Es un fruto que se puede consumir crudo o cocinado, en platos salados o en postres, es muy habitual hacer mermeladas, zumos y salsas picantes o especiadas con tomate de árbol, tanto como abrirlo por la mitad, espolvorear azúcar y comer directamente con una cuchara.;Consumir el fruto fresco en ayuno para la gripe.;giospermae.;Magndiopsida.;Solanales.;Solanaceae.;Solanum;Solanum betaceum;plantas/tomate_de_arbol.jpg
46;Cedron;Cedrón, cedron, cidrón, hierbaluisa o verbena de Indias, yerba cidrera;Aloysia citrodora.;Plantae;Cultivada en las zonas templadas.;Nativa de América del Sur Ecuador, Argentina, Paraguay, Brasil, Uruguay, Chile, Bolivia, Colombia y Perú.;Tiene propiedades antiinflamatorias, sirve para la expulsión de gases, para el insomnio y transformó nervioso.;Colocar 2 ramitas de cedrón en 1 litro de agua que esté hirviendo apagar, colar y endulzar con miel de abeja.;Tomar en las mañanas y en las noches.;Magnoliophyta;Magnoliopsida.;Lamiales.;Verbenaceae.;Aloysia;Aloysia citriodora Palau;plantas/cedron.jpg
